Arun,9449804064,Sat Jun 13 15:04:44 IST 2015
Ram,9486622713,Sat Jun 13 15:04:44 IST 2015
Krish,9449804063,Sat Jun 13 15:04:44 IST 2015
Arun,9449804064,Sat Jun 13 15:05:32 IST 2015
Ram,9486622713,Sat Jun 13 15:05:32 IST 2015
Krish,9449804063,Sat Jun 13 15:05:32 IST 2015
Arun,9449804064,Sat Jun 13 15:20:44 IST 2015
Ram,9486622713,Sat Jun 13 15:20:44 IST 2015
Krish,9449804063,Sat Jun 13 15:20:44 IST 2015
Arun,9449804064,Sat Jun 13 15:21:21 IST 2015
Ram,9486622713,Sat Jun 13 15:21:21 IST 2015
Krish,9449804063,Sat Jun 13 15:21:21 IST 2015
